-- phpMyAdmin SQL Dump
-- version 5.2.0
-- https://www.phpmyadmin.net/
--
-- Servidor: 127.0.0.1
-- Tiempo de generación: 17-01-2023 a las 03:24:14
-- Versión del servidor: 10.4.24-MariaDB
-- Versión de PHP: 7.4.29

SET SQL_MODE = "NO_AUTO_VALUE_ON_ZERO";
START TRANSACTION;
SET time_zone = "+00:00";


/*!40101 SET @OLD_CHARACTER_SET_CLIENT=@@CHARACTER_SET_CLIENT */;
/*!40101 SET @OLD_CHARACTER_SET_RESULTS=@@CHARACTER_SET_RESULTS */;
/*!40101 SET @OLD_COLLATION_CONNECTION=@@COLLATION_CONNECTION */;
/*!40101 SET NAMES utf8mb4 */;

--
-- Base de datos: `bd_sistemapos`
--

-- --------------------------------------------------------

--
-- Estructura de tabla para la tabla `brands`
--

CREATE TABLE `brands` (
  `id` bigint(20) UNSIGNED NOT NULL,
  `name` varchar(255) COLLATE utf8mb4_unicode_ci NOT NULL,
  `description` varchar(255) COLLATE utf8mb4_unicode_ci DEFAULT NULL,
  `created_at` timestamp NULL DEFAULT NULL,
  `updated_at` timestamp NULL DEFAULT NULL
) ENGINE=InnoDB DEFAULT CHARSET=utf8mb4 COLLATE=utf8mb4_unicode_ci;

--
-- Volcado de datos para la tabla `brands`
--

INSERT INTO `brands` (`id`, `name`, `description`, `created_at`, `updated_at`) VALUES
(1, 'Sony', '(Sin Descripción)', '2022-09-20 23:56:06', '2022-09-20 23:56:06'),
(2, 'Philips', '(Sin Descripción)', '2022-09-20 23:56:15', '2022-09-20 23:56:15'),
(3, 'JBL', '(Sin Descripción)', '2022-09-20 23:56:23', '2022-09-20 23:56:23'),
(4, 'XIAOMI', '(Sin Descripción)', '2022-09-20 23:56:41', '2022-09-20 23:56:41'),
(5, 'Microsoft Games', '(Sin Descripción)', '2022-09-20 23:56:52', '2022-09-20 23:56:52'),
(6, 'Nintendo', '(Sin Descripción)', '2022-09-20 23:57:01', '2022-09-20 23:57:01'),
(7, 'Marshall', '(Sin Descripción)', '2022-09-20 23:57:13', '2022-09-20 23:57:13'),
(8, 'CASIO', '(Sin Descripción)', '2022-09-20 23:57:32', '2022-09-20 23:57:32'),
(9, 'HEWLETT PACKARD (HP)', '(Sin Descripción)', '2022-09-20 23:58:24', '2022-09-20 23:58:24'),
(10, 'Samsung', '(Sin Descripción)', '2022-09-20 23:58:33', '2022-09-20 23:58:33'),
(14, 'tttwtewt', '(Sin Descripción)', '2022-10-27 02:49:25', '2022-10-27 02:49:25');

-- --------------------------------------------------------

--
-- Estructura de tabla para la tabla `categories`
--

CREATE TABLE `categories` (
  `id` bigint(20) UNSIGNED NOT NULL,
  `name` varchar(255) COLLATE utf8mb4_unicode_ci NOT NULL,
  `description` varchar(255) COLLATE utf8mb4_unicode_ci DEFAULT NULL,
  `created_at` timestamp NULL DEFAULT NULL,
  `updated_at` timestamp NULL DEFAULT NULL
) ENGINE=InnoDB DEFAULT CHARSET=utf8mb4 COLLATE=utf8mb4_unicode_ci;

--
-- Volcado de datos para la tabla `categories`
--

INSERT INTO `categories` (`id`, `name`, `description`, `created_at`, `updated_at`) VALUES
(1, 'Fotografía', '(Sin Descripción)', '2022-09-20 23:42:19', '2022-11-06 20:50:37'),
(2, 'Seguridad Y Vigilancia', '(Sin Descripción)', '2022-09-20 23:42:27', '2022-09-20 23:43:58'),
(3, 'Audio', '(Sin Descripción)', '2022-09-20 23:42:35', '2022-09-20 23:44:05'),
(4, 'Dispositivos Audivisuales', '(Sin Descripción)', '2022-09-20 23:42:42', '2022-09-20 23:44:10'),
(5, 'Consolas de Videojuegos', '(Sin Descripción)', '2022-09-20 23:42:51', '2022-09-20 23:44:13'),
(6, 'Almacenamiento', '(Sin Descripción)', '2022-09-20 23:42:56', '2022-09-20 23:44:43'),
(7, 'Proyectores de Video', '(Sin Descripción)', '2022-09-20 23:43:01', '2022-09-20 23:44:48'),
(8, 'Computadoras y Componentes', '(Sin Descripción)', '2022-09-20 23:43:07', '2022-09-20 23:44:29'),
(9, 'Laptops', '(Sin Descripción)', '2022-09-20 23:43:15', '2022-09-20 23:44:25'),
(10, 'Redes', '(Sin Descripción)', '2022-09-20 23:43:25', '2022-09-20 23:44:18'),
(11, 'Parlantes2', '(Sin descripción)', '2022-11-06 20:47:07', '2022-11-14 00:25:44'),
(12, 'prueba', '(Sin Descripción)', '2022-12-17 17:51:55', '2022-12-17 17:51:55');

-- --------------------------------------------------------

--
-- Estructura de tabla para la tabla `clients`
--

CREATE TABLE `clients` (
  `id` bigint(20) UNSIGNED NOT NULL,
  `name` varchar(255) COLLATE utf8mb4_unicode_ci NOT NULL,
  `ci` varchar(255) COLLATE utf8mb4_unicode_ci NOT NULL,
  `nit` varchar(255) COLLATE utf8mb4_unicode_ci DEFAULT NULL,
  `address` varchar(255) COLLATE utf8mb4_unicode_ci DEFAULT NULL,
  `phone` varchar(255) COLLATE utf8mb4_unicode_ci NOT NULL,
  `email` varchar(255) COLLATE utf8mb4_unicode_ci DEFAULT NULL,
  `created_at` timestamp NULL DEFAULT NULL,
  `updated_at` timestamp NULL DEFAULT NULL
) ENGINE=InnoDB DEFAULT CHARSET=utf8mb4 COLLATE=utf8mb4_unicode_ci;

--
-- Volcado de datos para la tabla `clients`
--

INSERT INTO `clients` (`id`, `name`, `ci`, `nit`, `address`, `phone`, `email`, `created_at`, `updated_at`) VALUES
(1, 'Cliente 1', '7689091', '00035476573', 'Alto Lima 1ra sección, calle Tiquina #6360', '65192834', NULL, '2022-09-21 00:49:53', '2022-10-15 04:33:40'),
(2, 'Cliente 2', '7698123', '12435467981', NULL, '65789012', NULL, '2022-09-21 00:50:20', '2022-09-21 00:50:20'),
(3, 'Cliente 3', '7698129', NULL, NULL, '21345687', NULL, '2022-09-21 03:34:26', '2022-10-07 03:54:26'),
(4, 'Jose Cliente', '7456852', NULL, 'Alto Lima 1ra sección, calle Tiquina #6360', '65968541', 'danilunajose123@gmail.com', '2022-10-15 05:19:43', '2022-10-15 05:19:43'),
(5, 'Daniel', '4152367', NULL, 'Alto Lima 1ra sección, calle Tiquina #6360', '69897445', 'd2@2l.com', '2022-10-16 21:24:56', '2022-10-16 21:36:21'),
(6, 'Juan Lopez', '4566598', NULL, NULL, '75659512', NULL, '2022-10-19 04:38:04', '2022-10-19 04:38:04'),
(7, 'Juan Nuevo', '8965547', NULL, NULL, '65988754', NULL, '2022-10-19 04:46:27', '2022-10-19 04:46:27'),
(8, 'Jose Luis', '9636524', NULL, 'Alto Lima 1ra sección, calle Tiquina #6360', '69856352', 'de123@gunmail.com', '2022-10-20 19:09:31', '2022-10-20 19:09:31'),
(9, 'Hugo Gomez', '7485963', NULL, 'Alto Lima 1ra sección, calle Tiquina #6360', '96635214', 'dan123@gmail.com', '2022-10-20 15:17:42', '2022-10-20 15:17:42'),
(10, 'Jose  Flores', '7896451', NULL, 'Alto Lima 1ra sección, calle Tiquina #6360', '65364552', 'danilu56@gmail.com', '2022-10-25 23:08:40', '2022-10-25 23:08:40'),
(11, 'Prueba', '8965321', NULL, NULL, '69852541', NULL, '2022-10-25 23:36:12', '2022-10-25 23:36:12'),
(12, 'Jose Daniel Luna Flores', '6598781', '45659887129', 'Alto Lima 1ra sección, calle Tiquina #6360', '65987845', 'danilun123@gmail.com', '2022-11-06 21:21:02', '2022-11-06 21:21:40'),
(13, 'Prueba modal', '7063941', NULL, NULL, '63192980', NULL, '2022-11-08 04:48:54', '2022-11-08 04:48:54'),
(14, 'Jose Modal', '7063942', NULL, NULL, '74867903', NULL, '2022-11-08 04:52:54', '2022-11-08 04:52:54'),
(15, 'Jose Daniel Luna Flores', '7063943', NULL, NULL, '63192981', NULL, '2022-11-08 05:09:38', '2022-11-08 05:09:38'),
(16, 'modal cliente 1', '7898654', NULL, NULL, '65549847', NULL, '2022-11-08 17:47:33', '2022-11-08 17:47:33'),
(17, 'Juan Perez', '7896582', NULL, NULL, '69785423', NULL, '2022-11-12 19:26:01', '2022-11-12 19:26:01'),
(18, 'modal', '7063949', NULL, NULL, '63789512', NULL, '2022-11-12 19:34:11', '2022-11-12 19:34:11'),
(19, 'Cliente Modal prueba', '7698541', NULL, NULL, '63987412', NULL, '2022-11-15 22:01:26', '2022-11-15 22:01:26');

-- --------------------------------------------------------

--
-- Estructura de tabla para la tabla `failed_jobs`
--

CREATE TABLE `failed_jobs` (
  `id` bigint(20) UNSIGNED NOT NULL,
  `connection` text COLLATE utf8mb4_unicode_ci NOT NULL,
  `queue` text COLLATE utf8mb4_unicode_ci NOT NULL,
  `payload` longtext COLLATE utf8mb4_unicode_ci NOT NULL,
  `exception` longtext COLLATE utf8mb4_unicode_ci NOT NULL,
  `failed_at` timestamp NOT NULL DEFAULT current_timestamp()
) ENGINE=InnoDB DEFAULT CHARSET=utf8mb4 COLLATE=utf8mb4_unicode_ci;

-- --------------------------------------------------------

--
-- Estructura de tabla para la tabla `historydatas`
--

CREATE TABLE `historydatas` (
  `id` bigint(20) UNSIGNED NOT NULL,
  `month_date` date NOT NULL,
  `total_bs` decimal(8,2) NOT NULL,
  `category_id` bigint(20) UNSIGNED NOT NULL,
  `quantity` int(11) NOT NULL,
  `created_at` timestamp NULL DEFAULT NULL,
  `updated_at` timestamp NULL DEFAULT NULL
) ENGINE=InnoDB DEFAULT CHARSET=utf8mb4 COLLATE=utf8mb4_unicode_ci;

--
-- Volcado de datos para la tabla `historydatas`
--

INSERT INTO `historydatas` (`id`, `month_date`, `total_bs`, `category_id`, `quantity`, `created_at`, `updated_at`) VALUES
(1, '2014-01-01', '9424.00', 10, 80, '2022-09-20 04:00:00', '2022-09-20 04:00:00'),
(2, '2014-02-01', '4388.00', 1, 79, '2022-09-20 04:00:00', '2022-09-20 04:00:00'),
(3, '2014-03-01', '10558.00', 4, 67, '2022-09-20 04:00:00', '2022-09-20 04:00:00'),
(4, '2014-04-01', '1625.00', 10, 60, '2022-09-20 04:00:00', '2022-09-20 04:00:00'),
(5, '2014-05-01', '7632.00', 10, 50, '2022-09-20 04:00:00', '2022-09-20 04:00:00'),
(6, '2014-06-01', '8102.00', 1, 55, '2022-09-20 04:00:00', '2022-09-20 04:00:00'),
(7, '2014-07-01', '14433.00', 1, 56, '2022-09-20 04:00:00', '2022-09-20 04:00:00'),
(8, '2014-08-01', '5885.00', 3, 80, '2022-09-20 04:00:00', '2022-09-20 04:00:00'),
(9, '2014-09-01', '7488.00', 1, 98, '2022-09-20 04:00:00', '2022-09-20 04:00:00'),
(10, '2014-10-01', '3474.00', 4, 109, '2022-09-20 04:00:00', '2022-09-20 04:00:00'),
(11, '2014-11-01', '2363.00', 8, 120, '2022-09-20 04:00:00', '2022-09-20 04:00:00'),
(12, '2014-12-01', '6126.00', 5, 100, '2022-09-20 04:00:00', '2022-09-20 04:00:00'),
(13, '2015-01-01', '6494.00', 9, 80, '2022-09-20 04:00:00', '2022-09-20 04:00:00'),
(14, '2015-02-01', '1490.00', 1, 59, '2022-09-20 04:00:00', '2022-09-20 04:00:00'),
(15, '2015-03-01', '7819.00', 8, 50, '2022-09-20 04:00:00', '2022-09-20 04:00:00'),
(16, '2015-04-01', '9925.00', 4, 40, '2022-09-20 04:00:00', '2022-09-20 04:00:00'),
(17, '2015-05-01', '14760.00', 2, 38, '2022-09-20 04:00:00', '2022-09-20 04:00:00'),
(18, '2015-06-01', '12156.00', 7, 49, '2022-09-20 04:00:00', '2022-09-20 04:00:00'),
(19, '2015-07-01', '4292.00', 2, 67, '2022-09-20 04:00:00', '2022-09-20 04:00:00'),
(20, '2015-08-01', '7161.00', 9, 54, '2022-09-20 04:00:00', '2022-09-20 04:00:00'),
(21, '2015-09-01', '11947.00', 7, 78, '2022-09-20 04:00:00', '2022-09-20 04:00:00'),
(22, '2015-10-01', '1116.00', 6, 89, '2022-09-20 04:00:00', '2022-09-20 04:00:00'),
(23, '2015-11-01', '5259.00', 2, 95, '2022-09-20 04:00:00', '2022-09-20 04:00:00'),
(24, '2015-12-01', '2136.00', 9, 115, '2022-09-20 04:00:00', '2022-09-20 04:00:00'),
(25, '2016-01-01', '1633.00', 10, 95, '2022-09-20 04:00:00', '2022-09-20 04:00:00'),
(26, '2016-02-01', '7873.00', 8, 52, '2022-09-20 04:00:00', '2022-09-20 04:00:00'),
(27, '2016-03-01', '1421.00', 7, 45, '2022-09-20 04:00:00', '2022-09-20 04:00:00'),
(28, '2016-04-01', '2354.00', 6, 40, '2022-09-20 04:00:00', '2022-09-20 04:00:00'),
(29, '2016-05-01', '1342.00', 9, 30, '2022-09-20 04:00:00', '2022-09-20 04:00:00'),
(30, '2016-06-01', '1421.00', 3, 49, '2022-09-20 04:00:00', '2022-09-20 04:00:00'),
(31, '2016-07-01', '15125.00', 7, 36, '2022-09-20 04:00:00', '2022-09-20 04:00:00'),
(32, '2016-08-01', '1251.00', 3, 46, '2022-09-20 04:00:00', '2022-09-20 04:00:00'),
(33, '2016-09-01', '154.00', 9, 55, '2022-09-20 04:00:00', '2022-09-20 04:00:00'),
(34, '2016-10-01', '21321.00', 1, 56, '2022-09-20 04:00:00', '2022-09-20 04:00:00'),
(35, '2016-11-01', '4123.00', 8, 96, '2022-09-20 04:00:00', '2022-09-20 04:00:00'),
(36, '2016-12-01', '435.00', 5, 94, '2022-09-20 04:00:00', '2022-09-20 04:00:00'),
(37, '2017-01-01', '7867.00', 8, 96, '2022-09-20 04:00:00', '2022-09-20 04:00:00'),
(38, '2017-02-01', '25235.00', 5, 50, '2022-09-20 04:00:00', '2022-09-20 04:00:00'),
(39, '2017-03-01', '5235.00', 9, 40, '2022-09-20 04:00:00', '2022-09-20 04:00:00'),
(40, '2017-04-01', '4535.00', 3, 40, '2022-09-20 04:00:00', '2022-09-20 04:00:00'),
(41, '2017-05-01', '6345.00', 5, 56, '2022-09-20 04:00:00', '2022-09-20 04:00:00'),
(42, '2017-06-01', '4353.00', 9, 36, '2022-09-20 04:00:00', '2022-09-20 04:00:00'),
(43, '2017-07-01', '8756.00', 3, 30, '2022-09-20 04:00:00', '2022-09-20 04:00:00'),
(44, '2017-08-01', '3211.00', 7, 30, '2022-09-20 04:00:00', '2022-09-20 04:00:00'),
(45, '2017-09-01', '657.00', 1, 35, '2022-09-20 04:00:00', '2022-09-20 04:00:00'),
(46, '2017-10-01', '452.00', 1, 85, '2022-09-20 04:00:00', '2022-09-20 04:00:00'),
(47, '2017-11-01', '2452.00', 2, 85, '2022-09-20 04:00:00', '2022-09-20 04:00:00'),
(48, '2017-12-01', '452.00', 5, 120, '2022-09-20 04:00:00', '2022-09-20 04:00:00'),
(49, '2018-01-01', '452.00', 4, 74, '2022-09-20 04:00:00', '2022-09-20 04:00:00'),
(50, '2018-02-01', '4554.00', 7, 63, '2022-09-20 04:00:00', '2022-09-20 04:00:00'),
(51, '2018-03-01', '8656.00', 2, 43, '2022-09-20 04:00:00', '2022-09-20 04:00:00'),
(52, '2018-04-01', '9000.00', 6, 42, '2022-09-20 04:00:00', '2022-09-20 04:00:00'),
(53, '2018-05-01', '6860.00', 2, 75, '2022-09-20 04:00:00', '2022-09-20 04:00:00'),
(54, '2018-06-01', '1962.00', 5, 68, '2022-09-20 04:00:00', '2022-09-20 04:00:00'),
(55, '2018-07-01', '5064.00', 1, 42, '2022-09-20 04:00:00', '2022-09-20 04:00:00'),
(56, '2018-08-01', '9166.00', 2, 62, '2022-09-20 04:00:00', '2022-09-20 04:00:00'),
(57, '2018-09-01', '33268.00', 9, 95, '2022-09-20 04:00:00', '2022-09-20 04:00:00'),
(58, '2018-10-01', '452.00', 7, 100, '2022-09-20 04:00:00', '2022-09-20 04:00:00'),
(59, '2018-11-01', '452.00', 4, 150, '2022-09-20 04:00:00', '2022-09-20 04:00:00'),
(60, '2018-12-01', '4554.00', 8, 148, '2022-09-20 04:00:00', '2022-09-20 04:00:00'),
(61, '2019-01-01', '8656.00', 9, 90, '2022-09-20 04:00:00', '2022-09-20 04:00:00'),
(62, '2019-02-01', '12758.00', 1, 80, '2022-09-20 04:00:00', '2022-09-20 04:00:00'),
(63, '2019-03-01', '16860.00', 3, 85, '2022-09-20 04:00:00', '2022-09-20 04:00:00'),
(64, '2019-04-01', '20962.00', 7, 82, '2022-09-20 04:00:00', '2022-09-20 04:00:00'),
(65, '2019-05-01', '33268.00', 3, 74, '2022-09-20 04:00:00', '2022-09-20 04:00:00'),
(66, '2019-06-01', '452.00', 9, 28, '2022-09-20 04:00:00', '2022-09-20 04:00:00'),
(67, '2019-07-01', '452.00', 2, 39, '2022-09-20 04:00:00', '2022-09-20 04:00:00'),
(68, '2019-08-01', '4554.00', 7, 25, '2022-09-20 04:00:00', '2022-09-20 04:00:00'),
(69, '2019-09-01', '5235.00', 4, 36, '2022-09-20 04:00:00', '2022-09-20 04:00:00'),
(70, '2019-10-01', '4535.00', 9, 24, '2022-09-20 04:00:00', '2022-09-20 04:00:00'),
(71, '2019-11-01', '6345.00', 2, 98, '2022-09-20 04:00:00', '2022-09-20 04:00:00'),
(72, '2019-12-01', '4353.00', 9, 63, '2022-09-20 04:00:00', '2022-09-20 04:00:00'),
(73, '2020-01-01', '321.00', 9, 62, '2022-09-20 04:00:00', '2022-09-20 04:00:00'),
(74, '2020-02-01', '2121.00', 6, 145, '2022-09-20 04:00:00', '2022-09-20 04:00:00'),
(75, '2020-03-01', '2321.00', 8, 32, '2022-09-20 04:00:00', '2022-09-20 04:00:00'),
(76, '2020-04-01', '3213.00', 4, 19, '2022-09-20 04:00:00', '2022-09-20 04:00:00'),
(77, '2020-05-01', '21312.00', 5, 20, '2022-09-20 04:00:00', '2022-09-20 04:00:00'),
(78, '2020-06-01', '2321.00', 4, 14, '2022-09-20 04:00:00', '2022-09-20 04:00:00'),
(79, '2020-07-01', '3213.00', 9, 20, '2022-09-20 04:00:00', '2022-09-20 04:00:00'),
(80, '2020-08-01', '21312.00', 3, 30, '2022-09-20 04:00:00', '2022-09-20 04:00:00'),
(81, '2020-09-01', '1234.00', 3, 31, '2022-09-20 04:00:00', '2022-09-20 04:00:00'),
(82, '2020-10-01', '2124.00', 7, 50, '2022-09-20 04:00:00', '2022-09-20 04:00:00'),
(83, '2020-11-01', '2432.00', 3, 95, '2022-09-20 04:00:00', '2022-09-20 04:00:00'),
(84, '2020-12-01', '9845.00', 1, 120, '2022-09-20 04:00:00', '2022-09-20 04:00:00'),
(85, '2021-01-01', '8342.00', 8, 90, '2022-09-20 04:00:00', '2022-09-20 04:00:00'),
(86, '2021-02-01', '5451.00', 8, 85, '2022-09-20 04:00:00', '2022-09-20 04:00:00'),
(87, '2021-03-01', '2352.00', 2, 70, '2022-09-20 04:00:00', '2022-09-20 04:00:00'),
(88, '2021-04-01', '2355.00', 9, 50, '2022-09-20 04:00:00', '2022-09-20 04:00:00'),
(89, '2021-05-01', '876.00', 3, 40, '2022-09-20 04:00:00', '2022-09-20 04:00:00'),
(90, '2021-06-01', '1245.00', 5, 40, '2022-09-20 04:00:00', '2022-09-20 04:00:00'),
(91, '2021-07-01', '2355.00', 5, 31, '2022-09-20 04:00:00', '2022-09-20 04:00:00'),
(92, '2021-08-01', '5325.00', 6, 32, '2022-09-20 04:00:00', '2022-09-20 04:00:00'),
(93, '2021-09-01', '1523.80', 6, 46, '2022-09-20 04:00:00', '2022-09-20 04:00:00'),
(94, '2021-10-01', '7895.00', 9, 53, '2022-09-20 04:00:00', '2022-09-20 04:00:00'),
(95, '2021-11-01', '6574.00', 4, 80, '2022-09-20 04:00:00', '2022-09-20 04:00:00'),
(96, '2021-12-01', '8976.00', 5, 150, '2022-09-20 04:00:00', '2022-09-20 04:00:00');

-- --------------------------------------------------------

--
-- Estructura de tabla para la tabla `migrations`
--

CREATE TABLE `migrations` (
  `id` int(10) UNSIGNED NOT NULL,
  `migration` varchar(255) COLLATE utf8mb4_unicode_ci NOT NULL,
  `batch` int(11) NOT NULL
) ENGINE=InnoDB DEFAULT CHARSET=utf8mb4 COLLATE=utf8mb4_unicode_ci;

--
-- Volcado de datos para la tabla `migrations`
--

INSERT INTO `migrations` (`id`, `migration`, `batch`) VALUES
(1, '2014_10_12_000000_create_users_table', 1),
(2, '2014_10_12_100000_create_password_resets_table', 1),
(3, '2015_01_20_084450_create_roles_table', 1),
(4, '2015_01_20_084525_create_role_user_table', 1),
(5, '2015_01_24_080208_create_permissions_table', 1),
(6, '2015_01_24_080433_create_permission_role_table', 1),
(7, '2015_12_04_003040_add_special_role_column', 1),
(8, '2017_10_17_170735_create_permission_user_table', 1),
(9, '2019_08_19_000000_create_failed_jobs_table', 1),
(10, '2022_08_25_173051_create_categories_table', 1),
(11, '2022_08_27_030726_create_brands_table', 1),
(12, '2022_08_27_032232_create_providers_table', 1),
(13, '2022_08_27_041722_create_products_table', 1),
(14, '2022_08_29_025705_create_clients_table', 1),
(15, '2022_08_30_044055_create_purchases_table', 1),
(16, '2022_08_30_044402_create_purchase_details_table', 1),
(17, '2022_09_01_054842_create_sales_table', 1),
(18, '2022_09_01_055334_create_sale_details_table', 1),
(19, '2022_09_20_051249_create_historydatas_table', 1);

-- --------------------------------------------------------

--
-- Estructura de tabla para la tabla `password_resets`
--

CREATE TABLE `password_resets` (
  `email` varchar(255) COLLATE utf8mb4_unicode_ci NOT NULL,
  `token` varchar(255) COLLATE utf8mb4_unicode_ci NOT NULL,
  `created_at` timestamp NULL DEFAULT NULL
) ENGINE=InnoDB DEFAULT CHARSET=utf8mb4 COLLATE=utf8mb4_unicode_ci;

-- --------------------------------------------------------

--
-- Estructura de tabla para la tabla `products`
--

CREATE TABLE `products` (
  `id` bigint(20) UNSIGNED NOT NULL,
  `code` varchar(255) COLLATE utf8mb4_unicode_ci DEFAULT NULL,
  `name` varchar(255) COLLATE utf8mb4_unicode_ci NOT NULL,
  `stock` int(11) NOT NULL DEFAULT 0,
  `image` varchar(255) COLLATE utf8mb4_unicode_ci NOT NULL,
  `sell_price` decimal(12,2) NOT NULL DEFAULT 0.00,
  `status` enum('ACTIVO','DESACTIVADO') COLLATE utf8mb4_unicode_ci NOT NULL DEFAULT 'ACTIVO',
  `category_id` bigint(20) UNSIGNED NOT NULL,
  `brand_id` bigint(20) UNSIGNED NOT NULL,
  `provider_id` bigint(20) UNSIGNED NOT NULL,
  `created_at` timestamp NULL DEFAULT NULL,
  `updated_at` timestamp NULL DEFAULT NULL
) ENGINE=InnoDB DEFAULT CHARSET=utf8mb4 COLLATE=utf8mb4_unicode_ci;

--
-- Volcado de datos para la tabla `products`
--

INSERT INTO `products` (`id`, `code`, `name`, `stock`, `image`, `sell_price`, `status`, `category_id`, `brand_id`, `provider_id`, `created_at`, `updated_at`) VALUES
(1, '1', 'Camara Fotografica Phenyx-z', 22, '1667501276_1663704633_product-img7.jpg', '1800.00', 'ACTIVO', 1, 1, 1, '2022-09-21 00:10:33', '2022-11-14 01:52:25'),
(2, '2', 'Lentes de Camara T-STE7', 225, '1663704675_product-img8.jpg', '250.00', 'ACTIVO', 1, 1, 3, '2022-09-21 00:11:15', '2022-12-06 02:45:52'),
(3, '3', 'Parlantes Stereo STRDH190', 120, '1663704840_parlante sony.jpg', '1500.00', 'ACTIVO', 3, 1, 3, '2022-09-21 00:14:00', '2022-12-06 02:48:00'),
(4, '4', 'Monitor LED AS-213 22\"', 161, '1666890127_product-img12.jpg', '900.00', 'ACTIVO', 8, 10, 1, '2022-09-21 00:16:59', '2022-12-06 02:47:45'),
(5, '5', 'Monitor LED AS-213 24\"', 102, '1667582925_1663705019_Philips-279C9.jpg', '3000.00', 'ACTIVO', 8, 1, 1, '2022-09-21 00:19:31', '2022-11-14 00:20:58'),
(6, '6', 'TV 40\" PLDED4016A', 5, '1663705210_samsung-ue32es5800.jpg', '4000.00', 'ACTIVO', 4, 10, 9, '2022-09-21 00:20:10', '2022-12-06 04:49:46'),
(7, '7', 'PlayStation 5', 1, '1663705244_depositphotos_382557402-stock-photo-japan-june-11-2020-presentation.jpg', '5000.00', 'ACTIVO', 5, 1, 2, '2022-09-21 00:20:44', '2022-11-08 22:20:51'),
(8, '8', 'Tarjeta de memoria Micro SD 128 GB', 93, '1663705276_product-img13.jpg', '15000.00', 'ACTIVO', 6, 9, 1, '2022-09-21 00:21:16', '2022-11-08 22:20:51'),
(9, '9', 'Proyector 1080P - Native', 22, '1663705460_f.elconfidencial.com_original_633_db3_caa_633db3caa4aafa2ea1ce4f3a7a008b73.jpg', '2500.00', 'ACTIVO', 7, 1, 1, '2022-09-21 00:21:57', '2022-11-14 00:35:32'),
(10, '10', 'Aspire 5 A515-56-32DK', 40, '1663705371_hp-envy-15-2020-08.webp', '4500.00', 'ACTIVO', 9, 9, 1, '2022-09-21 00:22:51', '2022-12-06 13:42:27'),
(11, '11', 'Punto de acceso móvil Nighthawk M5', 40, '1663705600_router-wifi-dual-doble-banda.jpg', '560.00', 'ACTIVO', 10, 9, 1, '2022-09-21 00:25:52', '2022-11-15 23:53:24'),
(12, '12', 'Prueba Alert', 0, '1666281318_LAPTOP-LENOVO-V15-IML-I3-10110U_82NB002VLM.jpg', '200.00', 'DESACTIVADO', 4, 4, 1, '2022-10-20 15:55:18', '2022-10-27 01:13:49'),
(13, '13', 'aaaaaaaaaa', 0, '1666310832_1663705019_Philips-279C9.jpg', '0.00', 'DESACTIVADO', 3, 5, 1, '2022-10-21 00:07:12', '2022-11-04 17:29:02'),
(14, '14', 'pruebaaa', 0, '1667770367_zarla-comercial-global-1x1-2400x2400-20220413-gbcvvck84d9wkrrfcdhv.png', '9.00', 'DESACTIVADO', 1, 1, 1, '2022-11-06 21:26:14', '2022-11-08 02:38:45'),
(15, '15', 'Nintendo64', 4, '1668293713_1663705171_nintendo-consola-switch.jpg', '5000.00', 'ACTIVO', 5, 1, 1, '2022-11-08 22:25:16', '2022-11-12 22:55:13');

-- --------------------------------------------------------

--
-- Estructura de tabla para la tabla `providers`
--

CREATE TABLE `providers` (
  `id` bigint(20) UNSIGNED NOT NULL,
  `name` varchar(255) COLLATE utf8mb4_unicode_ci NOT NULL,
  `email` varchar(255) COLLATE utf8mb4_unicode_ci NOT NULL,
  `nit` varchar(255) COLLATE utf8mb4_unicode_ci NOT NULL,
  `address` varchar(255) COLLATE utf8mb4_unicode_ci DEFAULT NULL,
  `phone` varchar(255) COLLATE utf8mb4_unicode_ci NOT NULL,
  `created_at` timestamp NULL DEFAULT NULL,
  `updated_at` timestamp NULL DEFAULT NULL
) ENGINE=InnoDB DEFAULT CHARSET=utf8mb4 COLLATE=utf8mb4_unicode_ci;

--
-- Volcado de datos para la tabla `providers`
--

INSERT INTO `providers` (`id`, `name`, `email`, `nit`, `address`, `phone`, `created_at`, `updated_at`) VALUES
(1, 'Grupo DISAR', 'disa23@gmail.com', '12436587091', 'El alto av siempre viva 123', '67812123', '2022-09-21 00:00:58', '2022-10-16 21:26:57'),
(2, 'Apokin Mayorista Accesorios', 'apokin123@gmail.com', '98760967321', 'Alto Lima 1ra sección, calle Tiquina #6360', '65871243', '2022-09-21 00:02:14', '2022-09-21 00:02:14'),
(3, 'BELTRONICA', 'belt_123@gmail.com', '76983412341', 'Alto Tiquina #6360', '78612432', '2022-09-21 00:03:11', '2022-09-21 00:03:11'),
(4, 'Dómux', 'domux123@gmail.com', '87896754321', 'Alto Lima 1ra sección, calle Tiquina #6360', '65871242', '2022-09-21 00:03:59', '2022-09-21 00:03:59'),
(5, 'Tektronic 2000', 'telt_123@gmail.com', '09875632115', 'El alto av siempre viva 123', '78982134', '2022-09-21 00:04:45', '2022-09-21 00:04:45'),
(6, 'Dishom', 'dish324@gmail.com', '89675432131', 'Alto Lima 1ra sección, calle Tiquina #6360', '67872143', '2022-09-21 00:05:21', '2022-09-21 00:05:21'),
(7, 'INTEREC', 'interec123@gmail.com', '65870934561', 'Alto Lima 1ra sección, calle Tiquina #6360', '65870912', '2022-09-21 00:05:48', '2022-09-21 00:05:48'),
(8, 'Electro Devasa', 'elect@gmail.com', '09876754451', 'Alto Lima 1ra sección, calle Tiquina #6360', '78096534', '2022-09-21 00:06:18', '2022-09-21 00:06:18'),
(9, 'Media MicroComputer', 'media123@gmail.com', '67893265891', 'Alto Lima 1ra sección, calle Tiquina #6360', '65982312', '2022-09-21 00:06:51', '2022-09-21 00:06:51'),
(10, 'Vofeel Tech', 'vofeelech123@gmail.com', '78095634214', 'Alto Lima 1ra sección, calle Tiquina #6360', '67943254', '2022-09-21 00:07:26', '2022-09-21 00:07:26'),
(11, 'Jose Daniel Luna Flores', 'danilunajose123@gmail.com', '45659878456', 'Alto Lima 1ra sección, calle Tiquina #6360', '65987815', '2022-11-06 21:37:30', '2022-11-06 21:37:39');

-- --------------------------------------------------------

--
-- Estructura de tabla para la tabla `purchases`
--

CREATE TABLE `purchases` (
  `id` bigint(20) UNSIGNED NOT NULL,
  `provider_id` bigint(20) UNSIGNED NOT NULL,
  `user_id` bigint(20) UNSIGNED NOT NULL,
  `purchase_date` datetime NOT NULL,
  `tax` decimal(8,2) NOT NULL,
  `total` decimal(8,2) NOT NULL,
  `status` enum('CONFIRMADO','CANCELADO') COLLATE utf8mb4_unicode_ci NOT NULL DEFAULT 'CONFIRMADO',
  `picture` varchar(255) COLLATE utf8mb4_unicode_ci DEFAULT NULL,
  `created_at` timestamp NULL DEFAULT NULL,
  `updated_at` timestamp NULL DEFAULT NULL
) ENGINE=InnoDB DEFAULT CHARSET=utf8mb4 COLLATE=utf8mb4_unicode_ci;

--
-- Volcado de datos para la tabla `purchases`
--

INSERT INTO `purchases` (`id`, `provider_id`, `user_id`, `purchase_date`, `tax`, `total`, `status`, `picture`, `created_at`, `updated_at`) VALUES
(1, 2, 1, '2022-09-20 16:42:56', '0.00', '50000.00', 'CANCELADO', NULL, '2022-09-21 00:42:56', '2022-10-11 05:01:29'),
(2, 1, 1, '2022-09-20 16:43:55', '10.00', '3960.00', 'CANCELADO', NULL, '2022-09-21 00:43:55', '2022-09-21 00:49:10'),
(3, 3, 1, '2022-09-20 16:48:16', '10.00', '8250.00', 'CONFIRMADO', NULL, '2022-09-21 00:48:16', '2022-09-21 00:48:16'),
(4, 4, 1, '2022-09-20 17:40:49', '10.00', '1496.00', 'CONFIRMADO', NULL, '2022-09-21 01:40:49', '2022-09-21 01:40:49'),
(5, 3, 1, '2022-10-05 23:48:17', '10.00', '1152.80', 'CANCELADO', NULL, '2022-10-06 07:48:17', '2022-10-07 01:16:46'),
(6, 3, 1, '2022-10-06 20:13:40', '10.00', '1100.00', 'CONFIRMADO', NULL, '2022-10-07 04:13:40', '2022-10-07 04:13:40'),
(7, 1, 1, '2022-10-06 20:14:31', '10.00', '73975.00', 'CONFIRMADO', NULL, '2022-10-07 04:14:31', '2022-10-07 04:14:31'),
(8, 1, 1, '2022-10-11 14:10:37', '10.00', '440.00', 'CANCELADO', NULL, '2022-10-11 22:10:37', '2022-11-03 17:46:29'),
(9, 2, 1, '2022-10-13 19:26:34', '10.00', '25410.00', 'CONFIRMADO', NULL, '2022-10-14 03:26:34', '2022-10-14 03:26:34'),
(10, 2, 1, '2022-10-13 19:58:49', '10.00', '1100.00', 'CONFIRMADO', NULL, '2022-10-14 03:58:49', '2022-10-14 03:58:49'),
(11, 2, 1, '2022-10-14 12:03:20', '10.00', '1100.00', 'CONFIRMADO', NULL, '2022-10-14 20:03:20', '2022-10-14 20:03:20'),
(12, 3, 1, '2022-08-14 15:01:56', '10.00', '1000.50', 'CONFIRMADO', NULL, '2022-08-14 23:01:56', '2022-08-14 23:01:56'),
(13, 1, 1, '2022-10-14 15:22:25', '10.00', '1100.00', 'CONFIRMADO', NULL, '2022-10-14 23:22:25', '2022-10-14 23:22:25'),
(14, 2, 1, '2022-06-02 15:23:59', '5.00', '-105.00', 'CANCELADO', NULL, '2022-10-14 23:23:59', '2022-10-26 23:00:06'),
(15, 2, 1, '2022-10-18 00:36:41', '18.00', '5900.00', 'CANCELADO', NULL, '2022-10-18 08:36:41', '2022-10-19 04:41:33'),
(16, 3, 1, '2022-06-02 17:47:46', '5.00', '21000.00', 'CANCELADO', NULL, '2022-10-19 01:47:46', '2022-10-19 04:41:25'),
(17, 2, 1, '2022-07-01 20:42:05', '10.00', '5500.00', 'CONFIRMADO', NULL, '2022-10-19 04:42:05', '2022-10-19 04:42:05'),
(18, 1, 1, '2022-06-15 23:15:29', '15.00', '8625.00', 'CONFIRMADO', NULL, '2022-10-26 03:15:29', '2022-10-26 03:15:29'),
(19, 2, 1, '2022-11-02 11:42:21', '10.00', '55.00', 'CONFIRMADO', NULL, '2022-11-02 15:42:21', '2022-11-02 15:42:21'),
(20, 1, 1, '2022-11-02 11:42:54', '0.00', '1500.00', 'CONFIRMADO', NULL, '2022-11-02 15:42:54', '2022-11-02 15:42:54'),
(21, 4, 1, '2022-11-02 12:08:10', '18.00', '5900.00', 'CONFIRMADO', NULL, '2022-11-02 16:08:10', '2022-11-02 16:08:10'),
(22, 2, 1, '2022-11-03 12:14:10', '15.00', '28750.00', 'CONFIRMADO', NULL, '2022-11-03 16:14:10', '2022-11-03 16:14:10'),
(23, 1, 1, '2022-11-04 13:25:58', '18.00', '4248.00', 'CONFIRMADO', NULL, '2022-11-04 17:25:58', '2022-11-04 17:25:58'),
(24, 1, 1, '2022-11-04 13:36:52', '18.00', '59000.00', 'CONFIRMADO', NULL, '2022-11-04 17:36:52', '2022-11-04 17:36:52'),
(25, 3, 1, '2022-11-04 13:39:25', '18.00', '22420.00', 'CANCELADO', NULL, '2022-11-04 17:39:25', '2022-11-04 18:49:27'),
(26, 2, 1, '2022-11-07 12:47:54', '5.00', '13125.00', 'CONFIRMADO', NULL, '2022-11-07 16:47:54', '2022-11-07 16:47:54'),
(27, 2, 1, '2022-11-07 23:26:39', '18.00', '8850.00', 'CONFIRMADO', NULL, '2022-11-08 03:26:39', '2022-11-08 03:26:39'),
(28, 1, 1, '2022-11-08 14:19:18', '0.00', '10000.00', 'CANCELADO', NULL, '2022-11-08 18:19:18', '2022-11-08 18:41:36'),
(29, 1, 1, '2022-11-08 14:19:29', '0.00', '10000.00', 'CANCELADO', NULL, '2022-11-08 18:19:29', '2022-11-08 18:41:28'),
(30, 2, 1, '2022-11-08 14:19:48', '1.00', '101.00', 'CANCELADO', NULL, '2022-11-08 18:19:48', '2022-11-08 18:41:18'),
(31, 2, 1, '2022-11-08 14:20:40', '0.00', '2300.00', 'CANCELADO', NULL, '2022-11-08 18:20:40', '2022-11-08 18:41:09'),
(32, 2, 1, '2022-11-08 14:22:47', '0.00', '4.00', 'CANCELADO', NULL, '2022-11-08 18:22:47', '2022-11-08 18:41:06'),
(33, 3, 1, '2022-11-08 14:26:42', '0.00', '50.00', 'CANCELADO', NULL, '2022-11-08 18:26:42', '2022-11-08 18:41:00'),
(34, 1, 1, '2022-11-08 14:30:02', '0.00', '1120.00', 'CANCELADO', NULL, '2022-11-08 18:30:02', '2022-11-08 18:40:52'),
(35, 1, 1, '2022-11-08 14:35:01', '0.00', '2.00', 'CANCELADO', NULL, '2022-11-08 18:35:01', '2022-11-08 18:40:48'),
(36, 2, 1, '2022-11-08 14:36:01', '0.00', '250.00', 'CANCELADO', NULL, '2022-11-08 18:36:01', '2022-11-08 18:40:43'),
(37, 1, 1, '2022-11-08 14:37:52', '0.00', '8.00', 'CANCELADO', NULL, '2022-11-08 18:37:52', '2022-11-08 18:40:40'),
(38, 1, 1, '2022-11-08 14:39:53', '0.00', '10.00', 'CANCELADO', NULL, '2022-11-08 18:39:53', '2022-11-08 18:40:29'),
(39, 1, 1, '2022-11-08 14:48:40', '0.00', '100.00', 'CANCELADO', NULL, '2022-11-08 18:48:40', '2022-11-08 18:49:46'),
(40, 1, 1, '2022-11-08 14:53:26', '0.00', '8.00', 'CANCELADO', NULL, '2022-11-08 18:53:26', '2022-11-08 19:01:39'),
(41, 5, 1, '2022-11-08 14:54:27', '0.00', '200.00', 'CANCELADO', NULL, '2022-11-08 18:54:27', '2022-11-08 19:01:58'),
(42, 1, 1, '2022-11-08 14:59:21', '0.00', '200.00', 'CANCELADO', NULL, '2022-11-08 18:59:21', '2022-11-08 19:01:56'),
(43, 2, 1, '2022-11-08 15:01:27', '0.00', '800.00', 'CANCELADO', NULL, '2022-11-08 19:01:27', '2022-11-08 19:01:52'),
(44, 1, 1, '2022-11-08 15:03:14', '0.00', '80.00', 'CANCELADO', NULL, '2022-11-08 19:03:14', '2022-11-08 19:38:24'),
(45, 3, 1, '2022-11-08 15:04:34', '0.00', '200.00', 'CANCELADO', NULL, '2022-11-08 19:04:34', '2022-11-08 19:38:21'),
(46, 4, 1, '2022-11-08 15:06:59', '0.00', '24.00', 'CANCELADO', NULL, '2022-11-08 19:06:59', '2022-11-08 19:38:15'),
(47, 4, 1, '2022-11-08 15:07:55', '0.00', '4.00', 'CANCELADO', NULL, '2022-11-08 19:07:55', '2022-11-08 19:38:09'),
(48, 1, 1, '2022-11-08 15:10:48', '0.00', '40.00', 'CANCELADO', NULL, '2022-11-08 19:10:48', '2022-11-08 19:38:06'),
(49, 1, 1, '2022-11-08 15:11:11', '0.00', '50.00', 'CANCELADO', NULL, '2022-11-08 19:11:11', '2022-11-08 19:38:03'),
(50, 1, 1, '2022-11-08 15:19:44', '0.00', '200.00', 'CANCELADO', NULL, '2022-11-08 19:19:44', '2022-11-08 19:37:59'),
(51, 3, 1, '2022-11-08 15:20:22', '0.00', '2.00', 'CANCELADO', NULL, '2022-11-08 19:20:22', '2022-11-08 19:37:50'),
(52, 2, 1, '2022-11-08 15:21:23', '0.00', '4.00', 'CANCELADO', NULL, '2022-11-08 19:21:23', '2022-11-08 19:37:46'),
(53, 1, 1, '2022-11-08 15:23:59', '0.00', '25.00', 'CANCELADO', NULL, '2022-11-08 19:23:59', '2022-11-08 19:37:38'),
(54, 1, 1, '2022-11-08 15:29:22', '0.00', '16.00', 'CANCELADO', NULL, '2022-11-08 19:29:22', '2022-11-08 19:37:36'),
(55, 3, 1, '2022-11-08 15:37:21', '0.00', '20.00', 'CANCELADO', NULL, '2022-11-08 19:37:21', '2022-11-08 19:37:33'),
(56, 2, 1, '2022-11-08 15:48:13', '0.00', '8500.00', 'CANCELADO', NULL, '2022-11-08 19:48:13', '2022-11-08 19:57:34'),
(57, 3, 1, '2022-11-08 15:49:14', '0.00', '4.00', 'CANCELADO', NULL, '2022-11-08 19:49:14', '2022-11-08 19:57:27'),
(58, 3, 1, '2022-11-08 15:51:50', '0.00', '84.00', 'CANCELADO', NULL, '2022-11-08 19:51:50', '2022-11-08 19:57:23'),
(59, 3, 1, '2022-11-08 15:52:47', '0.00', '4.00', 'CANCELADO', NULL, '2022-11-08 19:52:47', '2022-11-08 19:57:14'),
(60, 1, 1, '2022-11-08 15:54:28', '0.00', '200.00', 'CONFIRMADO', NULL, '2022-11-08 19:54:28', '2022-11-08 19:54:28'),
(61, 1, 1, '2022-11-08 17:37:46', '1.00', '40400.00', 'CANCELADO', NULL, '2022-11-08 21:37:46', '2022-11-08 22:01:01'),
(62, 1, 1, '2022-11-08 17:38:16', '0.00', '4000.00', 'CANCELADO', NULL, '2022-11-08 21:38:16', '2022-11-08 22:00:54'),
(63, 3, 1, '2022-11-08 18:00:17', '0.00', '10001.00', 'CONFIRMADO', NULL, '2022-11-08 22:00:17', '2022-11-08 22:00:17'),
(64, 1, 1, '2022-11-08 18:27:25', '0.00', '8001.00', 'CONFIRMADO', NULL, '2022-11-08 22:27:25', '2022-11-08 22:27:25'),
(65, 3, 1, '2022-11-10 17:36:33', '18.00', '4720.00', 'CONFIRMADO', NULL, '2022-11-10 21:36:33', '2022-11-10 21:36:33'),
(66, 2, 1, '2022-11-12 17:22:58', '10.00', '220000.00', 'CANCELADO', NULL, '2022-11-12 21:22:58', '2022-11-12 22:50:23'),
(67, 9, 1, '2022-11-12 18:06:52', '10.00', '44000.00', 'CONFIRMADO', NULL, '2022-11-12 22:06:52', '2022-11-12 22:06:52'),
(68, 10, 1, '2022-11-12 18:07:30', '0.00', '1000.00', 'CONFIRMADO', NULL, '2022-11-12 22:07:30', '2022-11-12 22:07:30'),
(69, 10, 1, '2022-11-12 18:14:52', '0.00', '4000.00', 'CONFIRMADO', NULL, '2022-11-12 22:14:52', '2022-11-12 22:14:52'),
(70, 7, 1, '2022-11-13 20:20:58', '0.00', '14500.00', 'CONFIRMADO', NULL, '2022-11-14 00:20:58', '2022-11-14 00:20:58'),
(71, 1, 1, '2022-11-13 20:35:32', '0.00', '2.00', 'CONFIRMADO', NULL, '2022-11-14 00:35:32', '2022-11-14 00:35:32'),
(72, 5, 1, '2022-11-15 19:51:39', '0.00', '25000.00', 'CONFIRMADO', NULL, '2022-11-15 23:51:39', '2022-11-15 23:51:39'),
(73, 3, 1, '2022-12-05 22:47:45', '5.00', '5040.00', 'CONFIRMADO', NULL, '2022-12-06 02:47:45', '2022-12-06 02:47:45'),
(74, 1, 1, '2022-12-06 00:48:20', '0.00', '38000.00', 'CONFIRMADO', NULL, '2022-12-06 04:48:20', '2022-12-06 04:48:20'),
(75, 1, 1, '2022-12-06 09:41:43', '0.00', '175000.00', 'CONFIRMADO', NULL, '2022-12-06 13:41:43', '2022-12-06 13:41:43');

--
-- Disparadores `purchases`
--
DELIMITER $$
CREATE TRIGGER `tr_updStockCompraAnular` AFTER UPDATE ON `purchases` FOR EACH ROW BEGIN
  UPDATE products p
    JOIN purchase_details di
      ON di.product_id = p.id
     AND di.purchase_id = new.id
     set p.stock = p.stock - di.quantity;
end
$$
DELIMITER ;

-- --------------------------------------------------------

--
-- Estructura de tabla para la tabla `purchase_details`
--

CREATE TABLE `purchase_details` (
  `id` bigint(20) UNSIGNED NOT NULL,
  `purchase_id` bigint(20) UNSIGNED NOT NULL,
  `product_id` bigint(20) UNSIGNED NOT NULL,
  `quantity` int(11) NOT NULL,
  `price` decimal(8,2) NOT NULL,
  `created_at` timestamp NULL DEFAULT NULL,
  `updated_at` timestamp NULL DEFAULT NULL
) ENGINE=InnoDB DEFAULT CHARSET=utf8mb4 COLLATE=utf8mb4_unicode_ci;

--
-- Volcado de datos para la tabla `purchase_details`
--

INSERT INTO `purchase_details` (`id`, `purchase_id`, `product_id`, `quantity`, `price`, `created_at`, `updated_at`) VALUES
(1, 3, 1, 10, '750.00', '2022-09-21 00:48:16', '2022-09-21 00:48:16'),
(2, 4, 2, 4, '340.00', '2022-09-21 01:40:49', '2022-09-21 01:40:49'),
(3, 5, 4, 4, '250.00', '2022-10-06 07:48:17', '2022-10-06 07:48:17'),
(4, 5, 7, 4, '12.00', '2022-10-06 07:48:17', '2022-10-06 07:48:17'),
(5, 6, 1, 10, '100.00', '2022-10-07 04:13:40', '2022-10-07 04:13:40'),
(6, 7, 4, 10, '100.00', '2022-10-07 04:14:31', '2022-10-07 04:14:31'),
(7, 7, 2, 15, '250.00', '2022-10-07 04:14:31', '2022-10-07 04:14:31'),
(8, 7, 3, 5, '500.00', '2022-10-07 04:14:31', '2022-10-07 04:14:31'),
(9, 7, 4, 60, '1000.00', '2022-10-07 04:14:31', '2022-10-07 04:14:31'),
(10, 8, 2, 4, '100.00', '2022-10-11 22:10:37', '2022-10-11 22:10:37'),
(11, 9, 1, 4, '400.00', '2022-10-14 03:26:34', '2022-10-14 03:26:34'),
(12, 9, 4, 10, '150.00', '2022-10-14 03:26:34', '2022-10-14 03:26:34'),
(13, 9, 5, 10, '2000.00', '2022-10-14 03:26:34', '2022-10-14 03:26:34'),
(14, 10, 2, 10, '100.00', '2022-10-14 03:58:49', '2022-10-14 03:58:49'),
(15, 11, 4, 10, '100.00', '2022-10-14 20:03:20', '2022-10-14 20:03:20'),
(16, 12, 1, 10, '100.00', '2022-10-14 23:01:56', '2022-10-14 23:01:56'),
(17, 13, 2, 10, '100.00', '2022-10-14 23:22:25', '2022-10-14 23:22:25'),
(18, 14, 3, 10, '10.00', '2022-10-14 23:23:59', '2022-10-14 23:23:59'),
(19, 15, 3, 10, '500.00', '2022-10-18 08:36:41', '2022-10-18 08:36:41'),
(20, 16, 3, 100, '200.00', '2022-10-19 01:47:46', '2022-10-19 01:47:46'),
(21, 17, 2, 10, '500.00', '2022-10-19 04:42:05', '2022-10-19 04:42:05'),
(22, 18, 8, 50, '150.00', '2022-10-26 03:15:29', '2022-10-26 03:15:29'),
(23, 19, 3, 10, '5.00', '2022-11-02 15:42:21', '2022-11-02 15:42:21'),
(24, 20, 3, 10, '150.00', '2022-11-02 15:42:54', '2022-11-02 15:42:54'),
(25, 21, 2, 10, '500.00', '2022-11-02 16:08:10', '2022-11-02 16:08:10'),
(26, 22, 2, 50, '500.00', '2022-11-03 16:14:10', '2022-11-03 16:14:10'),
(27, 23, 9, 20, '180.00', '2022-11-04 17:25:58', '2022-11-04 17:25:58'),
(28, 25, 7, 5, '3800.00', '2022-11-04 17:39:25', '2022-11-04 17:39:25'),
(29, 26, 2, 5, '2500.00', '2022-11-07 16:47:54', '2022-11-07 16:47:54'),
(30, 27, 2, 5, '1500.00', '2022-11-08 03:26:39', '2022-11-08 03:26:39'),
(31, 36, 2, 1, '250.00', '2022-11-08 18:36:01', '2022-11-08 18:36:01'),
(32, 57, 2, 2, '2.00', '2022-11-08 19:49:14', '2022-11-08 19:49:14'),
(33, 60, 1, 1, '200.00', '2022-11-08 19:54:28', '2022-11-08 19:54:28'),
(34, 63, 2, 50, '200.00', '2022-11-08 22:00:18', '2022-11-08 22:00:18'),
(35, 64, 15, 4, '2000.00', '2022-11-08 22:27:25', '2022-11-08 22:27:25'),
(36, 65, 4, 5, '800.00', '2022-11-10 21:36:33', '2022-11-10 21:36:33'),
(37, 66, 10, 50, '4000.00', '2022-11-12 21:22:58', '2022-11-12 21:22:58'),
(38, 67, 4, 50, '800.00', '2022-11-12 22:06:52', '2022-11-12 22:06:52'),
(39, 68, 3, 1, '1000.00', '2022-11-12 22:07:30', '2022-11-12 22:07:30'),
(40, 69, 2, 20, '200.00', '2022-11-12 22:14:52', '2022-11-12 22:14:52'),
(41, 70, 5, 5, '2900.00', '2022-11-14 00:20:58', '2022-11-14 00:20:58'),
(42, 71, 9, 2, '1.00', '2022-11-14 00:35:32', '2022-11-14 00:35:32'),
(43, 72, 11, 50, '500.00', '2022-11-15 23:51:39', '2022-11-15 23:51:39'),
(44, 73, 4, 6, '800.00', '2022-12-06 02:47:45', '2022-12-06 02:47:45'),
(45, 74, 6, 10, '3800.00', '2022-12-06 04:48:20', '2022-12-06 04:48:20'),
(46, 75, 10, 50, '3500.00', '2022-12-06 13:41:43', '2022-12-06 13:41:43');

-- --------------------------------------------------------

--
-- Estructura de tabla para la tabla `sales`
--

CREATE TABLE `sales` (
  `id` bigint(20) UNSIGNED NOT NULL,
  `client_id` bigint(20) UNSIGNED NOT NULL,
  `user_id` bigint(20) UNSIGNED NOT NULL,
  `sale_date` datetime NOT NULL,
  `total` decimal(8,2) NOT NULL,
  `status` enum('CONFIRMADO','CANCELADO') COLLATE utf8mb4_unicode_ci NOT NULL DEFAULT 'CONFIRMADO',
  `created_at` timestamp NULL DEFAULT NULL,
  `updated_at` timestamp NULL DEFAULT NULL
) ENGINE=InnoDB DEFAULT CHARSET=utf8mb4 COLLATE=utf8mb4_unicode_ci;

--
-- Volcado de datos para la tabla `sales`
--

INSERT INTO `sales` (`id`, `client_id`, `user_id`, `sale_date`, `total`, `status`, `created_at`, `updated_at`) VALUES
(1, 1, 1, '2022-01-01 16:51:03', '9000.00', 'CANCELADO', '2022-09-21 00:51:03', '2022-10-12 01:36:50'),
(2, 2, 1, '2022-09-20 17:34:12', '9000.00', 'CANCELADO', '2022-09-21 01:34:12', '2022-09-21 01:34:35'),
(3, 3, 1, '2022-10-05 11:00:22', '10400.00', 'CONFIRMADO', '2022-10-05 19:00:22', '2022-10-05 19:00:22'),
(4, 2, 1, '2022-10-06 00:18:06', '725.00', 'CANCELADO', '2022-10-06 08:18:06', '2022-10-11 22:45:58'),
(5, 1, 1, '2022-10-06 16:46:54', '2520.00', 'CONFIRMADO', '2022-10-07 00:46:54', '2022-10-07 00:46:54'),
(6, 2, 1, '2022-10-06 17:45:13', '4500.00', 'CONFIRMADO', '2022-10-07 01:45:13', '2022-10-07 01:45:13'),
(7, 2, 1, '2022-09-06 19:52:44', '450.00', 'CONFIRMADO', '2022-09-07 03:52:44', '2022-09-07 03:52:44'),
(8, 1, 1, '2022-10-06 20:18:13', '5625.00', 'CONFIRMADO', '2022-10-07 04:18:13', '2022-10-07 04:18:13'),
(9, 2, 1, '2022-10-10 22:26:03', '1350.00', 'CANCELADO', '2022-10-11 06:26:03', '2022-10-11 06:26:16'),
(10, 2, 1, '2022-10-10 22:41:56', '8100.00', 'CONFIRMADO', '2022-10-11 06:41:56', '2022-10-11 06:41:56'),
(11, 2, 1, '2022-10-11 00:17:50', '895.50', 'CANCELADO', '2022-10-11 08:17:50', '2022-10-11 21:02:41'),
(12, 2, 1, '2022-10-11 00:18:15', '2250.00', 'CANCELADO', '2022-10-11 08:18:15', '2022-10-11 08:18:20'),
(13, 2, 1, '2022-10-11 13:05:19', '900.00', 'CANCELADO', '2022-10-11 21:05:19', '2022-10-11 22:45:51'),
(14, 2, 1, '2022-10-11 14:46:58', '7050.00', 'CONFIRMADO', '2022-10-11 22:46:58', '2022-10-11 22:46:58'),
(15, 2, 1, '2022-08-13 19:29:32', '4117.50', 'CONFIRMADO', '2022-08-14 03:29:32', '2022-08-14 03:29:32'),
(16, 2, 1, '2022-10-13 20:00:50', '2375.00', 'CANCELADO', '2022-10-14 04:00:50', '2022-10-14 04:05:01'),
(17, 1, 1, '2022-10-14 14:45:40', '2499.50', 'CONFIRMADO', '2022-10-14 22:45:40', '2022-10-14 22:45:40'),
(18, 1, 1, '2022-06-03 15:14:15', '24998.75', 'CONFIRMADO', '2022-10-14 23:14:15', '2022-11-07 16:37:51'),
(19, 2, 1, '2022-10-14 15:39:22', '2497.50', 'CONFIRMADO', '2022-10-14 23:39:22', '2022-10-14 23:39:22'),
(20, 2, 1, '2022-10-16 11:49:23', '1655.00', 'CONFIRMADO', '2022-10-16 19:49:23', '2022-10-16 19:49:23'),
(21, 2, 1, '2022-10-17 17:54:03', '2000.00', 'CONFIRMADO', '2022-10-18 01:54:03', '2022-10-18 01:54:03'),
(22, 3, 1, '2022-10-18 00:08:54', '225.00', 'CONFIRMADO', '2022-10-18 08:08:54', '2022-10-18 08:08:54'),
(23, 1, 1, '2022-07-01 01:30:19', '2250.00', 'CONFIRMADO', '2022-10-18 09:30:19', '2022-10-18 09:30:19'),
(24, 1, 1, '2022-10-18 01:31:03', '12000.00', 'CONFIRMADO', '2022-10-18 09:31:03', '2022-10-18 09:31:03'),
(25, 1, 1, '2022-10-20 12:20:27', '8775.00', 'CONFIRMADO', '2022-10-20 16:20:27', '2022-10-20 16:20:27'),
(26, 5, 1, '2022-10-20 18:36:39', '9000.00', 'CONFIRMADO', '2022-10-20 22:36:39', '2022-10-20 22:36:39'),
(27, 1, 1, '2022-10-20 20:03:10', '31950.00', 'CONFIRMADO', '2022-10-21 00:03:10', '2022-10-21 00:03:10'),
(28, 1, 1, '2022-10-21 23:53:21', '1187.50', 'CONFIRMADO', '2022-10-22 03:53:21', '2022-10-22 03:53:21'),
(29, 3, 1, '2022-10-25 23:17:14', '15000.00', 'CONFIRMADO', '2022-10-26 03:17:14', '2022-10-26 03:17:14'),
(30, 1, 1, '2022-10-26 19:50:12', '250.00', 'CONFIRMADO', '2022-10-26 23:50:12', '2022-10-26 23:50:12'),
(31, 3, 1, '2022-10-26 20:18:52', '1187.50', 'CONFIRMADO', '2022-10-27 00:18:52', '2022-10-27 00:18:52'),
(32, 1, 1, '2022-10-26 20:19:11', '490.00', 'CONFIRMADO', '2022-10-27 00:19:11', '2022-10-27 00:19:11'),
(33, 3, 1, '2022-10-26 20:19:28', '2910.00', 'CONFIRMADO', '2022-10-27 00:19:28', '2022-10-27 00:19:28'),
(34, 2, 1, '2022-11-01 02:30:51', '5000.00', 'CONFIRMADO', '2022-11-01 06:30:51', '2022-11-01 06:30:51'),
(35, 3, 1, '2022-11-01 02:31:12', '5940.00', 'CONFIRMADO', '2022-11-01 06:31:12', '2022-11-01 06:31:12'),
(36, 3, 1, '2022-11-01 02:31:59', '9000.00', 'CONFIRMADO', '2022-11-01 06:31:59', '2022-11-01 06:31:59'),
(37, 6, 1, '2022-11-01 02:33:20', '8550.00', 'CONFIRMADO', '2022-11-01 06:33:20', '2022-11-01 06:33:20'),
(38, 1, 8, '2022-11-01 20:23:49', '250.00', 'CONFIRMADO', '2022-11-02 00:23:49', '2022-11-02 00:23:49'),
(39, 3, 1, '2022-11-02 11:41:58', '500.00', 'CONFIRMADO', '2022-11-02 15:41:58', '2022-11-02 15:41:58'),
(40, 2, 1, '2022-11-02 16:49:39', '18000.00', 'CONFIRMADO', '2022-11-02 20:49:39', '2022-11-02 20:49:39'),
(41, 3, 1, '2022-11-02 18:33:45', '7500.00', 'CONFIRMADO', '2022-11-02 22:33:45', '2022-11-02 22:33:45'),
(42, 4, 1, '2022-11-03 14:49:18', '10000.00', 'CONFIRMADO', '2022-11-03 18:49:18', '2022-11-03 18:49:18'),
(43, 2, 1, '2022-11-03 17:05:01', '2500.00', 'CANCELADO', '2022-11-03 21:05:01', '2022-11-03 21:05:32'),
(44, 1, 1, '2022-11-04 13:56:34', '9900.00', 'CANCELADO', '2022-11-04 17:56:34', '2022-11-04 18:46:09'),
(45, 3, 1, '2022-11-06 12:06:40', '4275.00', 'CONFIRMADO', '2022-11-06 16:06:40', '2022-11-06 16:06:40'),
(46, 1, 1, '2022-11-06 13:58:24', '237.50', 'CONFIRMADO', '2022-11-06 17:58:24', '2022-11-06 17:58:24'),
(47, 1, 1, '2022-11-06 14:10:48', '8550.00', 'CONFIRMADO', '2022-11-06 18:10:48', '2022-11-06 18:10:48'),
(48, 1, 1, '2022-11-06 14:11:57', '60000.00', 'CANCELADO', '2022-11-06 18:11:57', '2022-11-06 18:11:57'),
(49, 2, 1, '2022-11-07 12:38:50', '3750.00', 'CONFIRMADO', '2022-11-07 16:38:50', '2022-11-07 16:38:50'),
(50, 1, 1, '2022-11-07 12:53:58', '71250.00', 'CONFIRMADO', '2022-11-07 16:53:58', '2022-11-07 16:53:58'),
(51, 3, 1, '2022-11-07 23:04:32', '1250.00', 'CONFIRMADO', '2022-11-08 03:04:32', '2022-11-08 03:04:32'),
(52, 1, 1, '2022-11-08 00:06:12', '1062.50', 'CANCELADO', '2022-11-08 04:06:12', '2022-11-08 04:06:30'),
(53, 12, 1, '2022-11-08 00:10:10', '1187.50', 'CANCELADO', '2022-11-08 04:10:10', '2022-11-08 04:16:36'),
(54, 1, 1, '2022-11-08 14:20:08', '4750.00', 'CONFIRMADO', '2022-11-08 18:20:08', '2022-11-08 18:20:08'),
(55, 3, 1, '2022-11-08 14:50:54', '9000.00', 'CONFIRMADO', '2022-11-08 18:50:54', '2022-11-08 18:50:54'),
(56, 12, 1, '2022-11-08 18:20:51', '26500.00', 'CANCELADO', '2022-11-08 22:20:51', '2022-11-08 22:23:11'),
(57, 1, 1, '2022-11-10 20:33:59', '3600.00', 'CONFIRMADO', '2022-11-11 00:33:59', '2022-11-11 00:33:59'),
(58, 17, 1, '2022-11-12 15:26:57', '8550.00', 'CONFIRMADO', '2022-11-12 19:26:57', '2022-11-12 19:26:57'),
(59, 3, 1, '2022-11-13 16:20:44', '6900.00', 'CONFIRMADO', '2022-11-13 20:20:44', '2022-11-13 20:20:44'),
(60, 3, 1, '2022-11-13 20:45:35', '9000.00', 'CONFIRMADO', '2022-11-14 00:45:35', '2022-11-14 00:45:35'),
(61, 3, 1, '2022-11-13 20:54:27', '3150.00', 'CONFIRMADO', '2022-11-14 00:54:27', '2022-11-14 00:54:27'),
(62, 4, 1, '2022-11-13 20:56:18', '18000.00', 'CANCELADO', '2022-11-14 00:56:18', '2022-11-14 03:23:43'),
(63, 2, 1, '2022-11-13 20:56:47', '2950.00', 'CONFIRMADO', '2022-11-14 00:56:47', '2022-11-14 00:56:47'),
(64, 1, 1, '2022-11-13 21:08:45', '3582.00', 'CONFIRMADO', '2022-11-14 01:08:45', '2022-11-14 01:08:45'),
(65, 2, 1, '2022-11-13 21:30:24', '34200.00', 'CANCELADO', '2022-11-14 01:30:24', '2022-11-14 03:23:26'),
(66, 1, 1, '2022-11-13 21:35:08', '1620.00', 'CONFIRMADO', '2022-11-14 01:35:08', '2022-11-14 01:35:08'),
(67, 1, 1, '2022-11-13 21:52:25', '1845.00', 'CONFIRMADO', '2022-11-14 01:52:25', '2022-11-14 01:52:25'),
(68, 3, 1, '2022-11-13 22:00:19', '13500.00', 'CANCELADO', '2022-11-14 02:00:19', '2022-11-14 03:23:20'),
(69, 5, 1, '2022-11-13 22:12:14', '2500.00', 'CONFIRMADO', '2022-11-14 02:12:14', '2022-11-14 02:12:14'),
(70, 3, 1, '2022-11-13 22:14:04', '2250.00', 'CONFIRMADO', '2022-11-14 02:14:04', '2022-11-14 02:14:04'),
(71, 4, 1, '2022-11-14 01:14:15', '13500.00', 'CONFIRMADO', '2022-11-14 05:14:15', '2022-11-14 05:14:15'),
(72, 10, 1, '2022-11-15 19:53:24', '5040.00', 'CONFIRMADO', '2022-11-15 23:53:24', '2022-11-15 23:53:24'),
(73, 1, 1, '2022-12-05 22:45:52', '1242.50', 'CONFIRMADO', '2022-12-06 02:45:52', '2022-12-06 02:45:52'),
(74, 1, 1, '2022-12-05 22:48:00', '15000.00', 'CONFIRMADO', '2022-12-06 02:48:00', '2022-12-06 02:48:00'),
(75, 1, 1, '2022-12-06 00:49:46', '19900.00', 'CONFIRMADO', '2022-12-06 04:49:46', '2022-12-06 04:49:46'),
(76, 4, 1, '2022-12-06 09:42:27', '44685.00', 'CONFIRMADO', '2022-12-06 13:42:27', '2022-12-06 13:42:27');

--
-- Disparadores `sales`
--
DELIMITER $$
CREATE TRIGGER `tr_updStockVentaAnular` AFTER UPDATE ON `sales` FOR EACH ROW BEGIN
  UPDATE products p
    JOIN sale_details dv
      ON dv.product_id = p.id
     AND dv.sale_id= new.id
     set p.stock = p.stock + dv.quantity;
end
$$
DELIMITER ;

-- --------------------------------------------------------

--
-- Estructura de tabla para la tabla `sale_details`
--

CREATE TABLE `sale_details` (
  `id` bigint(20) UNSIGNED NOT NULL,
  `sale_id` bigint(20) UNSIGNED NOT NULL,
  `product_id` bigint(20) UNSIGNED NOT NULL,
  `quantity` int(11) NOT NULL,
  `price` decimal(8,2) NOT NULL,
  `discount` decimal(8,2) NOT NULL,
  `created_at` timestamp NULL DEFAULT NULL,
  `updated_at` timestamp NULL DEFAULT NULL
) ENGINE=InnoDB DEFAULT CHARSET=utf8mb4 COLLATE=utf8mb4_unicode_ci;

--
-- Volcado de datos para la tabla `sale_details`
--

INSERT INTO `sale_details` (`id`, `sale_id`, `product_id`, `quantity`, `price`, `discount`, `created_at`, `updated_at`) VALUES
(1, 1, 1, 4, '2500.00', '10.00', '2022-09-21 00:51:03', '2022-09-21 00:51:03'),
(2, 2, 1, 4, '2500.00', '10.00', '2022-09-21 01:34:12', '2022-09-21 01:34:12'),
(3, 3, 1, 4, '2500.00', '0.00', '2022-10-05 19:00:22', '2022-10-05 19:00:22'),
(4, 3, 2, 2, '250.00', '20.00', '2022-10-05 19:00:22', '2022-10-05 19:00:22'),
(5, 4, 2, 1, '250.00', '10.00', '2022-10-06 08:18:06', '2022-10-06 08:18:06'),
(6, 4, 2, 2, '250.00', '0.00', '2022-10-06 08:18:06', '2022-10-06 08:18:06'),
(7, 5, 4, 2, '900.00', '10.00', '2022-10-07 00:46:54', '2022-10-07 00:46:54'),
(8, 5, 4, 1, '900.00', '0.00', '2022-10-07 00:46:54', '2022-10-07 00:46:54'),
(9, 6, 1, 2, '2500.00', '10.00', '2022-10-07 01:45:13', '2022-10-07 01:45:13'),
(10, 7, 2, 2, '250.00', '10.00', '2022-10-07 03:52:44', '2022-10-07 03:52:44'),
(11, 8, 1, 2, '2500.00', '10.00', '2022-10-07 04:18:13', '2022-10-07 04:18:13'),
(12, 8, 2, 5, '250.00', '10.00', '2022-10-07 04:18:13', '2022-10-07 04:18:13'),
(13, 9, 2, 6, '250.00', '10.00', '2022-10-11 06:26:03', '2022-10-11 06:26:03'),
(14, 10, 4, 10, '900.00', '10.00', '2022-10-11 06:41:56', '2022-10-11 06:41:56'),
(15, 11, 4, 1, '900.00', '0.50', '2022-10-11 08:17:50', '2022-10-11 08:17:50'),
(16, 12, 2, 10, '250.00', '10.00', '2022-10-11 08:18:15', '2022-10-11 08:18:15'),
(17, 13, 2, 4, '250.00', '10.00', '2022-10-11 21:05:19', '2022-10-11 21:05:19'),
(18, 14, 3, 5, '1500.00', '6.00', '2022-10-11 22:46:58', '2022-10-11 22:46:58'),
(19, 15, 4, 2, '900.00', '10.00', '2022-10-14 03:29:32', '2022-10-14 03:29:32'),
(20, 15, 1, 1, '2500.00', '0.10', '2022-10-14 03:29:32', '2022-10-14 03:29:32'),
(21, 16, 2, 10, '250.00', '5.00', '2022-10-14 04:00:50', '2022-10-14 04:00:50'),
(22, 17, 2, 10, '250.00', '0.02', '2022-10-14 22:45:40', '2022-10-14 22:45:40'),
(23, 18, 1, 10, '2500.00', '0.01', '2022-10-14 23:14:15', '2022-10-14 23:14:15'),
(24, 19, 2, 10, '250.00', '0.10', '2022-10-14 23:39:22', '2022-10-14 23:39:22'),
(25, 20, 2, 10, '250.00', '49.00', '2022-10-16 19:49:23', '2022-10-16 19:49:23'),
(26, 20, 2, 1, '250.00', '48.00', '2022-10-16 19:49:23', '2022-10-16 19:49:23'),
(27, 20, 2, 1, '250.00', '0.00', '2022-10-16 19:49:23', '2022-10-16 19:49:23'),
(28, 21, 2, 10, '250.00', '20.00', '2022-10-18 01:54:03', '2022-10-18 01:54:03'),
(29, 22, 2, 1, '250.00', '10.00', '2022-10-18 08:08:54', '2022-10-18 08:08:54'),
(30, 23, 2, 10, '250.00', '10.00', '2022-10-18 09:30:19', '2022-10-18 09:30:19'),
(31, 24, 5, 4, '3000.00', '0.00', '2022-10-18 09:31:03', '2022-10-18 09:31:03'),
(32, 25, 4, 10, '900.00', '12.00', '2022-10-20 16:20:27', '2022-10-20 16:20:27'),
(33, 25, 4, 1, '900.00', '5.00', '2022-10-20 16:20:27', '2022-10-20 16:20:27'),
(34, 26, 4, 10, '900.00', '0.00', '2022-10-20 22:36:39', '2022-10-20 22:36:39'),
(35, 27, 1, 9, '2500.00', '8.00', '2022-10-21 00:03:10', '2022-10-21 00:03:10'),
(36, 27, 1, 5, '2500.00', '10.00', '2022-10-21 00:03:10', '2022-10-21 00:03:10'),
(37, 28, 2, 5, '250.00', '5.00', '2022-10-22 03:53:21', '2022-10-22 03:53:21'),
(38, 29, 8, 1, '15000.00', '0.00', '2022-10-26 03:17:14', '2022-10-26 03:17:14'),
(39, 30, 2, 1, '250.00', '0.00', '2022-10-26 23:50:12', '2022-10-26 23:50:12'),
(40, 31, 2, 5, '250.00', '5.00', '2022-10-27 00:18:52', '2022-10-27 00:18:52'),
(41, 32, 2, 2, '250.00', '2.00', '2022-10-27 00:19:11', '2022-10-27 00:19:11'),
(42, 33, 3, 2, '1500.00', '3.00', '2022-10-27 00:19:28', '2022-10-27 00:19:28'),
(43, 34, 7, 1, '5000.00', '0.00', '2022-11-01 06:30:51', '2022-11-01 06:30:51'),
(44, 35, 3, 4, '1500.00', '1.00', '2022-11-01 06:31:12', '2022-11-01 06:31:12'),
(45, 36, 1, 4, '2500.00', '10.00', '2022-11-01 06:31:59', '2022-11-01 06:31:59'),
(46, 37, 4, 10, '900.00', '5.00', '2022-11-01 06:33:20', '2022-11-01 06:33:20'),
(47, 38, 2, 1, '250.00', '0.00', '2022-11-02 00:23:49', '2022-11-02 00:23:49'),
(48, 39, 2, 2, '250.00', '0.00', '2022-11-02 15:41:58', '2022-11-02 15:41:58'),
(49, 40, 3, 12, '1500.00', '0.00', '2022-11-02 20:49:39', '2022-11-02 20:49:39'),
(50, 41, 3, 5, '1500.00', '0.00', '2022-11-02 22:33:45', '2022-11-02 22:33:45'),
(51, 42, 7, 2, '5000.00', '0.00', '2022-11-03 18:49:18', '2022-11-03 18:49:18'),
(52, 43, 7, 1, '5000.00', '50.00', '2022-11-03 21:05:01', '2022-11-03 21:05:01'),
(53, 44, 7, 2, '5000.00', '1.00', '2022-11-04 17:56:34', '2022-11-04 17:56:34'),
(54, 45, 4, 5, '900.00', '5.00', '2022-11-06 16:06:40', '2022-11-06 16:06:40'),
(55, 46, 2, 1, '250.00', '5.00', '2022-11-06 17:58:24', '2022-11-06 17:58:24'),
(56, 47, 4, 10, '900.00', '5.00', '2022-11-06 18:10:48', '2022-11-06 18:10:48'),
(57, 48, 8, 5, '15000.00', '20.00', '2022-11-06 18:11:57', '2022-11-06 18:11:57'),
(58, 49, 2, 15, '250.00', '0.00', '2022-11-07 16:38:50', '2022-11-07 16:38:50'),
(59, 50, 8, 5, '15000.00', '5.00', '2022-11-07 16:53:58', '2022-11-07 16:53:58'),
(60, 51, 2, 5, '250.00', '0.00', '2022-11-08 03:04:32', '2022-11-08 03:04:32'),
(61, 52, 2, 5, '250.00', '15.00', '2022-11-08 04:06:12', '2022-11-08 04:06:12'),
(62, 53, 2, 5, '250.00', '5.00', '2022-11-08 04:10:10', '2022-11-08 04:10:10'),
(63, 54, 2, 20, '250.00', '5.00', '2022-11-08 18:20:08', '2022-11-08 18:20:08'),
(64, 55, 1, 5, '1800.00', '0.00', '2022-11-08 18:50:54', '2022-11-08 18:50:54'),
(65, 56, 7, 1, '5000.00', '20.00', '2022-11-08 22:20:51', '2022-11-08 22:20:51'),
(66, 56, 8, 3, '15000.00', '50.00', '2022-11-08 22:20:51', '2022-11-08 22:20:51'),
(67, 57, 1, 2, '1800.00', '0.00', '2022-11-11 00:33:59', '2022-11-11 00:33:59'),
(68, 58, 1, 5, '1800.00', '5.00', '2022-11-12 19:26:57', '2022-11-12 19:26:57'),
(69, 59, 3, 5, '1500.00', '8.00', '2022-11-13 20:20:44', '2022-11-13 20:20:44'),
(70, 60, 1, 5, '1800.00', '0.00', '2022-11-14 00:45:35', '2022-11-14 00:45:35'),
(71, 61, 1, 1, '1800.00', '10.00', '2022-11-14 00:54:27', '2022-11-14 00:54:27'),
(72, 61, 3, 1, '1500.00', '10.00', '2022-11-14 00:54:27', '2022-11-14 00:54:27'),
(73, 62, 1, 10, '1800.00', '0.00', '2022-11-14 00:56:18', '2022-11-14 00:56:18'),
(74, 63, 2, 1, '250.00', '0.00', '2022-11-14 00:56:47', '2022-11-14 00:56:47'),
(75, 63, 3, 2, '1500.00', '10.00', '2022-11-14 00:56:47', '2022-11-14 00:56:47'),
(76, 64, 1, 1, '1800.00', '10.00', '2022-11-14 01:08:45', '2022-11-14 01:08:45'),
(77, 64, 1, 1, '1800.00', '1.00', '2022-11-14 01:08:45', '2022-11-14 01:08:45'),
(78, 65, 1, 10, '1800.00', '10.00', '2022-11-14 01:30:24', '2022-11-14 01:30:24'),
(79, 65, 1, 10, '1800.00', '10.00', '2022-11-14 01:30:24', '2022-11-14 01:30:24'),
(80, 66, 1, 1, '1800.00', '10.00', '2022-11-14 01:35:08', '2022-11-14 01:35:08'),
(81, 67, 1, 1, '1800.00', '10.00', '2022-11-14 01:52:25', '2022-11-14 01:52:25'),
(82, 67, 2, 1, '250.00', '10.00', '2022-11-14 01:52:25', '2022-11-14 01:52:25'),
(83, 68, 3, 10, '1500.00', '10.00', '2022-11-14 02:00:19', '2022-11-14 02:00:19'),
(84, 69, 2, 10, '250.00', '10.00', '2022-11-14 02:12:14', '2022-11-14 02:12:14'),
(85, 70, 2, 10, '250.00', '10.00', '2022-11-14 02:14:04', '2022-11-14 02:14:04'),
(86, 71, 3, 10, '1500.00', '10.00', '2022-11-14 05:14:15', '2022-11-14 05:14:15'),
(87, 72, 11, 10, '560.00', '10.00', '2022-11-15 23:53:24', '2022-11-15 23:53:24'),
(88, 73, 2, 5, '250.00', '0.60', '2022-12-06 02:45:52', '2022-12-06 02:45:52'),
(89, 74, 3, 10, '1500.00', '0.00', '2022-12-06 02:48:00', '2022-12-06 02:48:00'),
(90, 75, 6, 5, '4000.00', '0.50', '2022-12-06 04:49:46', '2022-12-06 04:49:46'),
(91, 76, 10, 10, '4500.00', '0.70', '2022-12-06 13:42:27', '2022-12-06 13:42:27');

-- --------------------------------------------------------

--
-- Estructura de tabla para la tabla `users`
--

CREATE TABLE `users` (
  `id` bigint(20) UNSIGNED NOT NULL,
  `name` varchar(255) COLLATE utf8mb4_unicode_ci NOT NULL,
  `email` varchar(255) COLLATE utf8mb4_unicode_ci NOT NULL,
  `email_verified_at` timestamp NULL DEFAULT NULL,
  `password` varchar(255) COLLATE utf8mb4_unicode_ci NOT NULL,
  `status` enum('HABILITADO','DESHABILITADO') COLLATE utf8mb4_unicode_ci NOT NULL DEFAULT 'HABILITADO',
  `remember_token` varchar(100) COLLATE utf8mb4_unicode_ci DEFAULT NULL,
  `created_at` timestamp NULL DEFAULT NULL,
  `updated_at` timestamp NULL DEFAULT NULL
) ENGINE=InnoDB DEFAULT CHARSET=utf8mb4 COLLATE=utf8mb4_unicode_ci;

--
-- Volcado de datos para la tabla `users`
--

INSERT INTO `users` (`id`, `name`, `email`, `email_verified_at`, `password`, `status`, `remember_token`, `created_at`, `updated_at`) VALUES
(1, 'Administrador', 'danilunajose123@gmail.com', NULL, '$2y$10$wV8pFNXpQ0wtfZlNLSQ30u6xyjJlqlAVrXufPNo.yWlRo5cvWPVjy', 'HABILITADO', 'ntPinLuwvXUbdaL2ld2mXENeDEjxogO9M4hbo6Bl9y9niC2cwwhOU347ZlCk', '2022-09-20 23:40:57', '2022-12-17 17:50:23'),
(8, 'Vendedor', 'vendedor123@gmail.com', NULL, '$2y$10$eWa.P67Vp9ihGyL/tq8zR.D8Zh0dl.vPWyPtidZSd8qAWP3hrl6ym', 'HABILITADO', 'KeSKamPqblBnuqdcRBUAzkDhmkznFJ58odkerjQef2h3a6MpX7RYchBmeUss', '2022-11-14 04:08:52', '2022-11-14 04:47:44'),
(9, 'Enc de Almacén', 'encalmacen123@gmail.com', NULL, '$2y$10$etVRtHh1Y3LfTT3LUzW6UutKetS1jmgux/jmo/PrtzsIZMcvUdhyS', 'HABILITADO', 'jHxlwB74KgrdvfX0w0xf9kqeXtf35PSKrHzkuFWwNyyOhh4CbFkrepR58bvJ', '2022-11-14 04:48:42', '2022-11-14 04:48:42'),
(10, 'Usuario Sin Accesos', 'observador123@gmail.com', NULL, '$2y$10$2Iqv0Uojjs7DkJfykXSEyO6CNMaHxE0oNCAsEs8DXOJTqoV0mOwIi', 'HABILITADO', 'jGDlGZa7CKnkTHknFoCWOkkU0O4gwiFKNMbeTdtamqqshZbcJhMwJXHb86BU', '2022-11-14 05:04:09', '2022-11-14 05:04:09'),
(11, 'UsuarioPrueba', 'danilunajose@gmail.com', NULL, '$2y$10$mBHIBMFwxbOfm316gndXyeHYnq71Uc9Lb6lK4SykEEgN2XZzJ/Wvi', 'HABILITADO', NULL, '2022-11-16 00:05:38', '2022-11-16 00:05:38');

--
-- Índices para tablas volcadas
--

--
-- Indices de la tabla `brands`
--
ALTER TABLE `brands`
  ADD PRIMARY KEY (`id`),
  ADD UNIQUE KEY `brands_name_unique` (`name`);

--
-- Indices de la tabla `categories`
--
ALTER TABLE `categories`
  ADD PRIMARY KEY (`id`),
  ADD UNIQUE KEY `categories_name_unique` (`name`);

--
-- Indices de la tabla `clients`
--
ALTER TABLE `clients`
  ADD PRIMARY KEY (`id`),
  ADD UNIQUE KEY `clients_ci_unique` (`ci`),
  ADD UNIQUE KEY `clients_phone_unique` (`phone`),
  ADD UNIQUE KEY `clients_nit_unique` (`nit`),
  ADD UNIQUE KEY `clients_email_unique` (`email`);

--
-- Indices de la tabla `failed_jobs`
--
ALTER TABLE `failed_jobs`
  ADD PRIMARY KEY (`id`);

--
-- Indices de la tabla `historydatas`
--
ALTER TABLE `historydatas`
  ADD PRIMARY KEY (`id`),
  ADD KEY `historydatas_category_id_foreign` (`category_id`);

--
-- Indices de la tabla `migrations`
--
ALTER TABLE `migrations`
  ADD PRIMARY KEY (`id`);

--
-- Indices de la tabla `password_resets`
--
ALTER TABLE `password_resets`
  ADD KEY `password_resets_email_index` (`email`);

--
-- Indices de la tabla `products`
--
ALTER TABLE `products`
  ADD PRIMARY KEY (`id`),
  ADD UNIQUE KEY `products_name_unique` (`name`),
  ADD UNIQUE KEY `products_code_unique` (`code`),
  ADD KEY `products_category_id_foreign` (`category_id`),
  ADD KEY `products_brand_id_foreign` (`brand_id`),
  ADD KEY `products_provider_id_foreign` (`provider_id`);

--
-- Indices de la tabla `providers`
--
ALTER TABLE `providers`
  ADD PRIMARY KEY (`id`),
  ADD UNIQUE KEY `providers_name_unique` (`name`),
  ADD UNIQUE KEY `providers_email_unique` (`email`),
  ADD UNIQUE KEY `providers_nit_unique` (`nit`),
  ADD UNIQUE KEY `providers_phone_unique` (`phone`);

--
-- Indices de la tabla `purchases`
--
ALTER TABLE `purchases`
  ADD PRIMARY KEY (`id`),
  ADD KEY `purchases_provider_id_foreign` (`provider_id`),
  ADD KEY `purchases_user_id_foreign` (`user_id`);

--
-- Indices de la tabla `purchase_details`
--
ALTER TABLE `purchase_details`
  ADD PRIMARY KEY (`id`),
  ADD KEY `purchase_details_purchase_id_foreign` (`purchase_id`),
  ADD KEY `purchase_details_product_id_foreign` (`product_id`);

--
-- Indices de la tabla `sales`
--
ALTER TABLE `sales`
  ADD PRIMARY KEY (`id`),
  ADD KEY `sales_client_id_foreign` (`client_id`),
  ADD KEY `sales_user_id_foreign` (`user_id`);

--
-- Indices de la tabla `sale_details`
--
ALTER TABLE `sale_details`
  ADD PRIMARY KEY (`id`),
  ADD KEY `sale_details_sale_id_foreign` (`sale_id`),
  ADD KEY `sale_details_product_id_foreign` (`product_id`);

--
-- Indices de la tabla `users`
--
ALTER TABLE `users`
  ADD PRIMARY KEY (`id`),
  ADD UNIQUE KEY `users_email_unique` (`email`);

--
-- AUTO_INCREMENT de las tablas volcadas
--

--
-- AUTO_INCREMENT de la tabla `brands`
--
ALTER TABLE `brands`
  MODIFY `id` bigint(20) UNSIGNED NOT NULL AUTO_INCREMENT, AUTO_INCREMENT=15;

--
-- AUTO_INCREMENT de la tabla `categories`
--
ALTER TABLE `categories`
  MODIFY `id` bigint(20) UNSIGNED NOT NULL AUTO_INCREMENT, AUTO_INCREMENT=13;

--
-- AUTO_INCREMENT de la tabla `clients`
--
ALTER TABLE `clients`
  MODIFY `id` bigint(20) UNSIGNED NOT NULL AUTO_INCREMENT, AUTO_INCREMENT=20;

--
-- AUTO_INCREMENT de la tabla `failed_jobs`
--
ALTER TABLE `failed_jobs`
  MODIFY `id` bigint(20) UNSIGNED NOT NULL AUTO_INCREMENT;

--
-- AUTO_INCREMENT de la tabla `historydatas`
--
ALTER TABLE `historydatas`
  MODIFY `id` bigint(20) UNSIGNED NOT NULL AUTO_INCREMENT, AUTO_INCREMENT=97;

--
-- AUTO_INCREMENT de la tabla `migrations`
--
ALTER TABLE `migrations`
  MODIFY `id` int(10) UNSIGNED NOT NULL AUTO_INCREMENT, AUTO_INCREMENT=20;

--
-- AUTO_INCREMENT de la tabla `products`
--
ALTER TABLE `products`
  MODIFY `id` bigint(20) UNSIGNED NOT NULL AUTO_INCREMENT, AUTO_INCREMENT=16;

--
-- AUTO_INCREMENT de la tabla `providers`
--
ALTER TABLE `providers`
  MODIFY `id` bigint(20) UNSIGNED NOT NULL AUTO_INCREMENT, AUTO_INCREMENT=12;

--
-- AUTO_INCREMENT de la tabla `purchases`
--
ALTER TABLE `purchases`
  MODIFY `id` bigint(20) UNSIGNED NOT NULL AUTO_INCREMENT, AUTO_INCREMENT=76;

--
-- AUTO_INCREMENT de la tabla `purchase_details`
--
ALTER TABLE `purchase_details`
  MODIFY `id` bigint(20) UNSIGNED NOT NULL AUTO_INCREMENT, AUTO_INCREMENT=47;

--
-- AUTO_INCREMENT de la tabla `sales`
--
ALTER TABLE `sales`
  MODIFY `id` bigint(20) UNSIGNED NOT NULL AUTO_INCREMENT, AUTO_INCREMENT=77;

--
-- AUTO_INCREMENT de la tabla `sale_details`
--
ALTER TABLE `sale_details`
  MODIFY `id` bigint(20) UNSIGNED NOT NULL AUTO_INCREMENT, AUTO_INCREMENT=92;

--
-- AUTO_INCREMENT de la tabla `users`
--
ALTER TABLE `users`
  MODIFY `id` bigint(20) UNSIGNED NOT NULL AUTO_INCREMENT, AUTO_INCREMENT=12;

--
-- Restricciones para tablas volcadas
--

--
-- Filtros para la tabla `historydatas`
--
ALTER TABLE `historydatas`
  ADD CONSTRAINT `historydatas_category_id_foreign` FOREIGN KEY (`category_id`) REFERENCES `categories` (`id`);

--
-- Filtros para la tabla `products`
--
ALTER TABLE `products`
  ADD CONSTRAINT `products_brand_id_foreign` FOREIGN KEY (`brand_id`) REFERENCES `brands` (`id`),
  ADD CONSTRAINT `products_category_id_foreign` FOREIGN KEY (`category_id`) REFERENCES `categories` (`id`),
  ADD CONSTRAINT `products_provider_id_foreign` FOREIGN KEY (`provider_id`) REFERENCES `providers` (`id`);

--
-- Filtros para la tabla `purchases`
--
ALTER TABLE `purchases`
  ADD CONSTRAINT `purchases_provider_id_foreign` FOREIGN KEY (`provider_id`) REFERENCES `providers` (`id`),
  ADD CONSTRAINT `purchases_user_id_foreign` FOREIGN KEY (`user_id`) REFERENCES `users` (`id`);

--
-- Filtros para la tabla `purchase_details`
--
ALTER TABLE `purchase_details`
  ADD CONSTRAINT `purchase_details_product_id_foreign` FOREIGN KEY (`product_id`) REFERENCES `products` (`id`),
  ADD CONSTRAINT `purchase_details_purchase_id_foreign` FOREIGN KEY (`purchase_id`) REFERENCES `purchases` (`id`);

--
-- Filtros para la tabla `sales`
--
ALTER TABLE `sales`
  ADD CONSTRAINT `sales_client_id_foreign` FOREIGN KEY (`client_id`) REFERENCES `clients` (`id`),
  ADD CONSTRAINT `sales_user_id_foreign` FOREIGN KEY (`user_id`) REFERENCES `users` (`id`);

--
-- Filtros para la tabla `sale_details`
--
ALTER TABLE `sale_details`
  ADD CONSTRAINT `sale_details_product_id_foreign` FOREIGN KEY (`product_id`) REFERENCES `products` (`id`),
  ADD CONSTRAINT `sale_details_sale_id_foreign` FOREIGN KEY (`sale_id`) REFERENCES `sales` (`id`);
COMMIT;

/*!40101 SET CHARACTER_SET_CLIENT=@OLD_CHARACTER_SET_CLIENT */;
/*!40101 SET CHARACTER_SET_RESULTS=@OLD_CHARACTER_SET_RESULTS */;
/*!40101 SET COLLATION_CONNECTION=@OLD_COLLATION_CONNECTION */;
